run,expression,n_vectors,min,median,itr/sec,mem_alloc,gc/sec,n_itr,n_gc,total_time,sd,times
10_100,stats,10,9.649083949625492e-6,1.078553032130003e-5,82434.46146024749,408,0,1000,0,0.012130848946981132,4.179829295804132e-6,NA
10_100,proxy,10,2.0262016914784908e-4,2.159341238439083e-4,4388.033477979304,5344,4.392425903883187,999,1,0.22766462585423142,1.8813648498031818e-4,NA
10_100,proxyC,10,3.170239506289363e-4,3.516539582051337e-4,2787.3777596700734,9576,5.585927374088324,998,2,0.35804260708391666,2.3280884750369018e-4,NA
10_100,distances,10,2.7201022021472454e-5,2.9234972316771746e-5,32939.25512587604,2992,0,1000,0,0.030358913587406278,4.478144908812754e-6,NA
10_100,distances_matrix,10,4.700804129242897e-5,5.0840608309954405e-5,18489.564466318272,7816,0,1000,0,0.054084562230855227,1.2058643882187762e-5,NA
10_100,Rfast,10,4.3191248551011086e-6,4.799105226993561e-6,198867.13839977965,4248,0,1000,0,0.005028482875786722,1.6962314659784262e-6,NA
10_100,rcpp_serial,10,1.934007741510868e-6,2.29512806981802e-6,374777.99871475034,3400,0,1000,0,0.0026682462776079774,1.1001169134812715e-6,NA
10_100,rcpp_parallel_8,10,3.5259872674942017e-6,4.769011866301298e-6,177203.0627441215,3400,0,1000,0,0.005643243319354951,5.315833689852331e-6,NA
10_100,fortran_serial,10,5.290028639137745e-6,6.131129339337349e-6,149544.2708966263,2544,149.69396486148776,999,1,0.0066802960354834795,2.327649332955896e-4,NA
10_100,fortran_parallel_8,10,5.920999683439732e-6,9.292445611208677e-6,88157.20172337866,2544,0,1000,0,0.01134337275288999,1.2527859014629352e-5,NA
10_100,c_fortran_serial,10,5.55114820599556e-6,6.2820035964250565e-6,147141.94032877823,0,0,1000,0,0.006796158850193024,2.3870510399338385e-6,NA
10_100,c_fortran_parallel_8,10,5.951034836471081e-6,6.5320637077093124e-6,143220.53741456618,0,0,1000,0,0.006982238846831024,2.0358934368513505e-6,NA
10_100,GPUmatrix,10,3.593530273064971e-4,3.8991059409454465e-4,2486.2880410053103,23296,4.9825411643393,998,2,0.40140160091686994,6.273200118735382e-4,NA
10_100,parallelDist_1,10,2.491706982254982e-5,2.6760040782392025e-5,35275.601780169076,3960,0,1000,0,0.028348205261863768,7.645381238882394e-6,NA
10_100,parallelDist_8,10,4.3771928176283836e-5,7.529591675847769e-5,13112.044069576816,3960,0,1000,0,0.0762657595332712,9.586922119195283e-6,NA
10_100,stats,20,2.096907701343298e-5,2.238707384094596e-5,41795.946431844124,1568,0,1000,0,0.023925765184685588,1.3292294118061178e-5,NA
10_100,proxy,20,2.2287690080702305e-4,2.4542497703805566e-4,3717.6030007310096,7272,7.450106213889799,998,2,0.26845254853833467,2.831930628883506e-4,NA
10_100,proxyC,20,3.771671326830983e-4,0.00043613812886178493,2156.8362274721294,27448,2.1589952226948244,999,1,0.4631784218363464,3.473612262792717e-4,NA
10_100,distances,20,2.916506491601467e-5,3.387848846614361e-5,24428.876785762357,11392,0,1000,0,0.040935160825029016,2.5128114912421918e-5,NA
10_100,distances_matrix,20,5.467201117426157e-5,6.314809434115887e-5,13962.76635853479,29328,13.976743101636425,999,1,0.07154742651619017,2.9002448832322355e-4,NA
10_100,Rfast,20,6.08095433562994e-6,7.373979315161705e-6,120899.49617319921,9048,0,1000,0,0.008271333063021302,4.155889124405106e-6,NA
10_100,rcpp_serial,20,4.558940418064594e-6,6.04602973908186e-6,144578.09488178874,5800,0,1000,0,0.006916677113622427,3.801216389220453e-6,NA
10_100,rcpp_parallel_8,20,4.939152859151363e-6,6.252084858715534e-6,134417.69111774905,5800,0,1000,0,0.007439496926963329,6.9365949683281975e-6,NA
10_100,fortran_serial,20,1.771305687725544e-5,2.0177511032670736e-5,44163.22517101311,9744,0,1000,0,0.02264327381271869,6.808925963469967e-6,NA
10_100,fortran_parallel_8,20,9.707990102469921e-6,1.6245467122644186e-5,16787.061381989934,9744,0,1000,0,0.05956968746613711,3.6008289695149616e-4,NA
10_100,c_fortran_serial,20,7.213093340396881e-6,8.556060492992401e-6,93301.86757655254,0,0,1000,0,0.010717899072915316,4.632348440969788e-6,NA
10_100,c_fortran_parallel_8,20,7.504015229642391e-6,8.17514955997467e-6,116821.09075472616,0,0,1000,0,0.008560098125599325,2.1221101127609916e-6,NA
10_100,GPUmatrix,20,3.612971631810069e-4,4.029101110063493e-4,2328.635605395059,23296,4.666604419629377,998,2,0.4285771452123299,3.603864609371583e-4,NA
10_100,parallelDist_1,20,3.36130615323782e-5,3.5547069273889065e-5,26777.078781942124,5120,0,1000,0,0.03734537318814546,7.41668494052762e-6,NA
10_100,parallelDist_8,20,5.505303852260113e-5,8.358142804354429e-5,11608.87041380531,5120,0,1000,0,0.08614102529827505,1.566435407103642e-5,NA
10_100,stats,30,5.16669824719429e-5,5.346001125872135e-5,17973.189484119357,3528,0,1000,0,0.055638427496887743,1.2255176500929632e-5,NA
10_100,proxy,30,0.00025280402041971684,2.7684360975399613e-4,3501.762045257863,13232,7.017559208933593,998,2,0.2849993766285479,3.047441005275812e-4,NA
10_100,proxyC,30,4.1680107824504375e-4,4.586691502481699e-4,2104.3536549132536,56448,2.1064601150282822,999,1,0.4747300900053233,2.1675378163396434e-4,NA
10_100,distances,30,3.1319097615778446e-5,4.0726037696003914e-5,23697.143443307115,25392,23.720864307614733,999,1,0.04215697990730405,2.1355744362847108e-4,NA
10_100,distances_matrix,30,6.35290052741766e-5,6.858899723738432e-5,12931.730012416403,65256,12.944674687103507,999,1,0.07725184480659664,2.0874285864396947e-4,NA
10_100,Rfast,30,9.819050319492817e-6,1.0470044799149036e-5,92341.07798870785,17048,0,1000,0,0.010829416569322348,1.8354127404806259e-6,NA
10_100,rcpp_serial,30,9.067007340490818e-6,9.502458851784468e-6,100021.1896561979,9800,0,1000,0,0.00999788148328662,2.9520598650247186e-6,NA
10_100,rcpp_parallel_8,30,4.408066160976887e-6,5.74102159589529e-6,160415.70565753526,9800,0,1000,0,0.0062338035786524415,4.670047482064816e-6,NA
10_100,fortran_serial,30,4.3882173486053944e-5,4.558602813631296e-5,20526.71260737583,21744,20.54725986724307,999,1,0.04866828990634531,1.9356934485593782e-4,NA
10_100,fortran_parallel_8,30,1.5619094483554363e-5,2.1700630895793438e-5,44315.58566768361,21744,0,1000,0,0.02256542444229126,7.112635922580335e-6,NA
10_100,c_fortran_serial,30,1.1592055670917034e-5,1.245399471372366e-5,71600.03850594371,0,0,1000,0,0.01396647293586284,6.085094737631929e-6,NA
10_100,c_fortran_parallel_8,30,1.2273085303604603e-5,1.2949574738740921e-5,75532.84313053501,0,0,1000,0,0.013239273917861283,1.5930054080716488e-6,NA
10_100,GPUmatrix,30,4.857000894844532e-4,5.197740974836051e-4,1883.2194071726678,23296,3.7739867879211784,998,2,0.5299435616470873,3.934431841145788e-4,NA
10_100,parallelDist_1,30,4.706799518316984e-5,4.982342943549156e-5,19048.8898736927,7080,0,1000,0,0.05249649751931429,9.55651304054144e-6,NA
10_100,parallelDist_8,30,5.339994095265865e-5,8.13175574876368e-5,11667.975564052198,7080,0,1000,0,0.08570467040408403,1.834450809683405e-5,NA
10_100,stats,40,1.1249107774347067e-4,1.1563708540052176e-4,8379.35865279848,6288,0,1000,0,0.1193408757681027,1.1630710831565934e-5,NA
10_100,proxy,40,3.1584210228174925e-4,3.3977150451391935e-4,2851.253148746267,21592,5.713934165824182,998,2,0.35002153366804123,2.6808316131179065e-4,NA
10_100,proxyC,40,4.7676300164312124e-4,5.181864835321903e-4,1885.9572926059398,99792,3.779473532276432,998,2,0.529174230992794,3.0753159450384193e-4,NA
10_100,distances,40,3.431411460042e-5,3.7430087104439735e-5,22383.509967046306,44992,22.405915882929236,999,1,0.044631069991737604,4.4209239581349043e-4,NA
10_100,distances_matrix,40,8.014997001737356e-5,8.931697811931372e-5,10279.44741636131,115568,10.289737153514825,999,1,0.09718421229626983,1.8038837386655552e-4,NA
10_100,Rfast,40,1.7123064026236534e-5,2.174114342778921e-5,44490.00396219392,28248,44.534538500694616,999,1,0.022454482153989375,1.7630131878139862e-4,NA
10_100,rcpp_serial,40,1.9045895896852016e-5,1.9717030227184296e-5,49513.39314627511,15400,0,1000,0,0.020196555647999048,1.9812826174851e-6,NA
10_100,rcpp_parallel_8,40,7.013091817498207e-6,7.855123840272427e-6,114493.28925596923,15400,0,1000,0,0.00873413635417819,5.952562225254608e-6,NA
10_100,fortran_serial,40,9.584904182702303e-5,1.0428507812321186e-4,9421.533436608048,38544,9.430964401009057,999,1,0.10603369469754398,1.8668922288779186e-4,NA
10_100,fortran_parallel_8,40,2.8302893042564392e-5,3.828149056062102e-5,24468.48872612634,38544,0,1000,0,0.04086889105383307,1.2366759633080197e-5,NA
10_100,c_fortran_serial,40,2.110004425048828e-5,2.216111170127988e-5,41293.317672647245,0,0,1000,0,0.024216993362642825,5.7239065167498875e-6,NA
10_100,c_fortran_parallel_8,40,2.1641142666339874e-5,2.2372114472091198e-5,43221.924404067264,0,0,1000,0,0.02313640620559454,3.0475033298303106e-6,NA
10_100,GPUmatrix,40,4.880349151790142e-4,5.281944759190083e-4,1797.449780686842,23296,3.602103768911507,998,2,0.555231089470908,3.75393476152334e-4,NA
10_100,parallelDist_1,40,7.081194780766964e-5,7.420399924740195e-5,12831.223478245414,9840,0,1000,0,0.07793489075265825,1.067791558112455e-5,NA
10_100,parallelDist_8,40,6.359897088259459e-5,8.219899609684944e-5,11258.374793280444,9840,0,1000,0,0.0888227669056505,2.0283841870143485e-5,NA
10_100,stats,50,2.1311896853148937e-4,2.2024748614057899e-4,4459.313930760517,9848,0,1000,0,0.22424974234309047,1.9295747950303283e-5,NA
10_100,proxy,50,4.227421013638377e-4,4.509451100602746e-4,2116.1524968533795,32352,4.24078656684044,998,2,0.4716106242267415,2.96400488561035e-4,NA
10_100,proxyC,50,5.459418753162026e-4,6.113454583100975e-4,1586.5796931050927,150856,3.1795184230562983,998,2,0.6290260768728331,2.7604921326373106e-4,NA
10_100,distances,50,3.808201290667057e-5,4.350661765784025e-5,20148.31412652069,70192,40.377383019079545,998,2,0.04953268019016832,2.3924960784080197e-4,NA
10_100,distances_matrix,50,1.0519707575440407e-4,1.1673907283693552e-4,7528.089457037546,180296,22.65222504625139,997,3,0.13243732100818306,2.693908977337505e-4,NA
10_100,Rfast,50,2.7341069653630257e-5,3.172457218170166e-5,31513.512539435847,42648,0,1000,0,0.03173241950571537,4.0891173577150946e-6,NA
10_100,rcpp_serial,50,3.4464988857507706e-5,3.575696609914303e-5,27155.386581664006,22600,27.18256915081482,999,1,0.036788281286135316,1.7324490116028308e-4,NA
10_100,rcpp_parallel_8,50,9.136972948908806e-6,1.2313015758991241e-5,77894.57037430385,22600,0,1000,0,0.012837865273468196,6.209908190220378e-6,NA
10_100,fortran_serial,50,1.807680819183588e-4,1.9201007671654224e-4,5095.448635165745,60144,5.100549184350095,999,1,0.19605731929186732,1.523999455272432e-4,NA
10_100,fortran_parallel_8,50,4.5776134356856346e-5,6.225612014532089e-5,16088.339056018727,60144,16.104443499518243,999,1,0.06209466350264847,1.55120032696455e-4,NA
10_100,c_fortran_serial,50,3.535707946866751e-5,3.6659068427979946e-5,25380.976055410774,0,0,1000,0,0.03939958801493049,7.6105534154237965e-6,NA
10_100,c_fortran_parallel_8,50,3.613706212490797e-5,3.7310062907636166e-5,26111.39966031759,0,0,1000,0,0.038297449122183025,4.648268799455225e-6,NA
10_100,GPUmatrix,50,4.893970908597112e-4,5.298730684444308e-4,1819.7285052672491,23296,1.8215500553225716,999,1,0.5489829923026264,3.157659154463131e-4,NA
10_100,parallelDist_1,50,1.0539707727730274e-4,1.1220015585422516e-4,8158.7784873181245,13400,8.166945432750875,999,1,0.12244479998480529,6.772294074905305e-4,NA
10_100,parallelDist_8,50,6.875908002257347e-5,1.0400998871773481e-4,9356.692710589185,13400,0,1000,0,0.10687537048943341,2.881859215420127e-5,NA
10_100,stats,60,3.6358111537992954e-4,3.75117058865726e-4,2608.772781642807,14208,0,1000,0,0.38332199992146343,3.2459790172867684e-5,NA
10_100,proxy,60,5.836740601807833e-4,6.120020407252014e-4,1584.9446166931266,45512,3.176241716819893,998,2,0.6296749990433455,2.6868372745201445e-4,NA
10_100,proxyC,60,6.619800115004182e-4,7.337350398302078e-4,1327.866298361806,214480,3.9955856520415423,997,3,0.7508286046795547,3.415624511834127e-4,NA
10_100,distances,60,4.3642125092446804e-5,5.3490104619413614e-5,15537.13347902107,100992,31.136540038118376,998,2,0.06423321273177862,2.1204141118587257e-4,NA
10_100,distances_matrix,60,1.431379932910204e-4,1.5691900625824928e-4,5809.517168073068,259408,23.33139424928943,996,4,0.17144281894434243,3.315109667711282e-4,NA
10_100,Rfast,60,4.3421052396297455e-5,4.82010655105114e-5,20215.954443507293,60248,20.236190634141433,999,1,0.04941641527693719,1.72281192585175e-4,NA
10_100,rcpp_serial,60,5.7437107898294926e-5,6.034306716173887e-5,15741.384501956883,31400,15.757141643600484,999,1,0.06346328684594482,1.6381523570419058e-4,NA
10_100,rcpp_parallel_8,60,1.3755983673036098e-5,1.6431091353297234e-5,57883.09227121682,31400,0,1000,0,0.017276202095672488,5.930780742178771e-6,NA
10_100,fortran_serial,60,3.081670729443431e-4,3.224491374567151e-4,3037.919578797767,86544,6.088015187971476,998,2,0.32851429213769734,1.9940163127128905e-4,NA
10_100,fortran_parallel_8,60,6.94511691108346e-5,9.162700735032558e-5,10595.931708819906,86544,21.23433208180342,998,2,0.09418709250167012,2.79284258493013e-4,NA
10_100,c_fortran_serial,60,5.684606730937958e-5,5.886051803827286e-5,16010.742660132271,0,0,1000,0,0.06245806463994086,8.671088095547657e-6,NA
10_100,c_fortran_parallel_8,60,5.773897282779217e-5,5.91909047216177e-5,16462.151070504657,0,0,1000,0,0.06074540293775499,7.0232669934134675e-6,NA
10_100,GPUmatrix,60,4.976630443707108e-4,5.328790284693241e-4,1806.7631309328065,23296,1.808571702635442,999,1,0.5529225070495158,3.7993329303140263e-4,NA
10_100,parallelDist_1,60,1.5487009659409523e-4,1.6346608754247427e-4,5776.251045311025,17760,5.782033078389415,999,1,0.17294954671524465,2.2287378047018732e-4,NA
10_100,parallelDist_8,60,7.971003651618958e-5,1.298086135648191e-4,8051.700205087271,17760,0,1000,0,0.12419737130403519,2.9706212075606418e-5,NA
10_100,stats,70,5.716710584238172e-4,5.909470492042601e-4,1661.826195760527,19368,0,1000,0,0.6017476451816037,3.419200812257663e-5,NA
10_100,proxy,70,7.975940825417638e-4,8.409700822085142e-4,1160.228737171336,61072,2.3251076897221163,998,2,0.860175212030299,3.8593785234861165e-4,NA
10_100,proxyC,70,7.93617102317512e-4,8.69089039042592e-4,1104.7687622610192,290656,5.551601820407132,995,5,0.9006409612484276,3.8974516987590565e-4,NA
10_100,distances,70,5.2829040214419365e-5,6.657012272626162e-5,13174.086039444044,137392,26.400974026941974,998,2,0.0757547807879746,2.3407399248896474e-4,NA
10_100,distances_matrix,70,1.8762110266834497e-4,2.4397257948294282e-4,4186.65664790604,352936,25.271569303255774,994,6,0.23742095031775534,4.2892007791654784e-4,NA
10_100,Rfast,70,6.530305836349726e-5,7.096811896190047e-5,13480.754350590965,81048,27.015539780743417,998,2,0.07403146545402706,2.472341207135451e-4,NA
10_100,rcpp_serial,70,8.919811807572842e-5,9.220209904015064e-5,10679.223546656323,41800,0,1000,0,0.09363976656459272,5.992409095229106e-6,NA
10_100,rcpp_parallel_8,70,1.8805963918566704e-5,2.2361986339092255e-5,41947.90328254945,41800,41.98989317572518,999,1,0.02381525468081236,1.8144358846801237e-4,NA
10_100,fortran_serial,70,4.817120498046279e-4,4.992261528968811e-4,1971.9267702144896,117744,3.951757054538055,998,2,0.5061039867578074,2.3186316361993885e-4,NA
10_100,fortran_parallel_8,70,1.0038795880973339e-4,1.2446800246834755e-4,7856.876230739769,117744,15.745242947374287,998,2,0.1270224922336638,2.378812549264044e-4,NA
10_100,c_fortran_serial,70,8.986901957541704e-5,9.206309914588928e-5,10592.259101089681,0,0,1000,0,0.09440856671426445,8.856634771798951e-6,NA
10_100,c_fortran_parallel_8,70,9.034003596752882e-5,9.278405923396349e-5,9737.869334972916,0,0,1000,0,0.10269186878576875,1.6563065513206023e-5,NA
10_100,GPUmatrix,70,4.906898830085993e-4,5.241519538685679e-4,1856.152811947298,23296,1.858010822770068,999,1,0.53820999735035,3.0650091273917495e-4,NA
10_100,parallelDist_1,70,2.198918955400586e-4,2.30952980928123e-4,4192.587031805651,22920,4.196783815621272,999,1,0.23827770119532943,2.2747770603726478e-4,NA
10_100,parallelDist_8,70,9.193201549351215e-5,1.4003750402480364e-4,7572.345207080531,22920,0,1000,0,0.13205948390532285,2.744622927858646e-5,NA
10_100,stats,80,8.5249706171453e-4,8.749291300773621e-4,1126.8022967206239,25328,1.1279302269475715,999,1,0.8865796625614166,1.7842745922984276e-4,NA
10_100,proxy,80,0.0010802741162478924,0.0011203499743714929,876.0945882542183,79032,0.8769715598140323,999,1,1.1402878335211426,1.7231145909240387e-4,NA
10_100,proxyC,80,9.275381453335285e-4,9.953750995919108e-4,985.9423823368827,377008,6.950248415265034,993,7,1.0071582455420867,4.2653145431072116e-4,NA
10_100,distances,80,5.28490636497736e-5,5.747808609157801e-5,16097.15518391098,179392,48.436775879371055,997,3,0.06193640979472548,2.6215232450039095e-4,NA
10_100,distances_matrix,80,2.343989908695221e-4,2.511605271138251e-4,3785.5333220488696,460848,30.528494532652175,992,8,0.2620502623030916,4.7733038588944246e-4,NA
10_100,Rfast,80,9.193294681608677e-5,9.690201841294765e-5,9865.139776149743,105048,19.769819190680845,998,2,0.10116430406924337,2.242242287354861e-4,NA
10_100,rcpp_serial,80,1.3677601236850023e-4,1.4023261610418558e-4,6952.124962391874,53800,0,1000,0,0.14384091272950172,1.3661230412665298e-5,NA
10_100,rcpp_parallel_8,80,2.683012280613184e-5,3.070698585361242e-5,30692.393325167217,53800,30.723116441608827,999,1,0.03254878136795014,1.7640825888185256e-4,NA
10_100,fortran_serial,80,7.094501052051783e-4,7.350670639425516e-4,1344.352569417394,153744,4.045193288116532,997,3,0.7416209279326722,2.612675294148643e-4,NA
10_100,fortran_parallel_8,80,1.4297803863883018e-4,1.775524578988552e-4,5584.474718972941,153744,11.191332102150184,998,2,0.17870973551180214,2.5088804327666085e-4,NA
10_100,c_fortran_serial,80,1.3561511877924204e-4,1.4003209071233869e-4,6879.975371967499,0,0,1000,0,0.14534935750998557,2.2815776078057813e-5,NA
10_100,c_fortran_parallel_8,80,1.3695703819394112e-4,1.4044804265722632e-4,7007.536160004215,0,0,1000,0,0.1427035090746358,9.436138087749508e-6,NA
10_100,GPUmatrix,80,4.932740703225136e-4,5.259300814941525e-4,1819.6686372821819,23296,3.646630535635635,998,2,0.5484515035059303,3.20538444534638e-4,NA
10_100,parallelDist_1,80,3.1321693677455187e-4,3.2620644196867943e-4,2959.1576303357897,28880,0,1000,0,0.33793400856666267,4.3045387117815795e-5,NA
10_100,parallelDist_8,80,1.0230205953121185e-4,1.5882798470556736e-4,6402.630585803807,28880,6.4090396254292354,999,1,0.15602961729746312,2.1292303990466313e-4,NA
10_100,stats,90,0.0012128731468692422,0.0012414410593919456,794.6172170267442,32088,0,1000,0,1.2584675722755492,5.618427977921154e-5,NA
10_100,proxy,90,0.0014477231306955218,0.0015019241254776716,654.789503717733,99392,1.312203414263994,998,2,1.5241539370035753,2.3597175538731286e-4,NA
10_100,proxyC,90,0.0011007519206032157,0.0011825004476122558,825.3109555874763,472496,6.655733512802228,992,8,1.201971200411208,6.367376279104526e-4,NA
10_100,distances,90,6.145506631582975e-5,7.022661156952381e-5,12750.058403239158,226992,51.20505382826971,996,4,0.07811728923115879,2.8665412192152524e-4,NA
10_100,distances_matrix,90,3.2287498470395803e-4,3.536529839038849e-4,2587.2572314668305,583176,28.776369611865658,989,11,0.38225808704737574,6.671172549464117e-4,NA
10_100,Rfast,90,1.26758124679327e-4,1.3389112427830696e-4,7352.948115751721,132248,14.735366965434311,998,2,0.13572787190787494,2.140804007891815e-4,NA
10_100,rcpp_serial,90,1.9936298485845327e-4,2.0579597912728786e-4,4773.3666516229605,67400,4.77814479641938,999,1,0.20928624866064638,1.368009756661552e-4,NA
10_100,rcpp_parallel_8,90,3.7059071473777294e-5,4.225899465382099e-5,22260.07986784763,67400,44.60937849268062,998,2,0.04483362170867622,2.6416085274674186e-4,NA
10_100,fortran_serial,90,0.001007828046567738,0.0010409600799903274,944.4544879886474,194544,2.8418891313600225,997,3,1.0556358328321949,2.762523427161874e-4,NA
10_100,fortran_parallel_8,90,1.942941453307867e-4,2.443481353111565e-4,4027.0027347446726,194544,16.17270174596254,996,4,0.24733035103417933,3.3822020598115734e-4,NA
10_100,c_fortran_serial,90,1.9866216462105513e-4,2.0623108139261603e-4,4742.140412553226,0,0,1000,0,0.21087524050381035,1.9117382686524563e-5,NA
10_100,c_fortran_parallel_8,90,1.9860209431499243e-4,2.0468857837840915e-4,4728.014792367955,0,0,1000,0,0.211505260434933,2.0299058584510398e-5,NA
10_100,GPUmatrix,90,4.944871179759502e-4,5.279891192913055e-4,1840.5858268884115,23296,1.842428255143555,999,1,0.5427619757829234,2.926444215413144e-4,NA
10_100,parallelDist_1,90,4.1879492346197367e-4,4.3565593659877777e-4,2188.4108108125974,35640,2.1906014122248223,999,1,0.456495642894879,2.3990401786857466e-4,NA
10_100,parallelDist_8,90,1.2684694956988096e-4,1.867999671958387e-4,5089.434503371063,35640,0,1000,0,0.1964854836696759,5.1995975407433256e-5,NA
10_100,stats,100,0.0016792160458862782,0.0017236745916306973,573.7887923130264,39648,0,1000,0,1.7428015558980405,7.265505665913415e-5,NA
10_100,proxy,100,0.001922162133269012,0.0019845791393890977,494.0599528374033,122152,1.486639777845747,997,3,2.0179737181169912,5.529838008937734e-4,NA
10_100,proxyC,100,0.0012797481613233685,0.0013930945424363017,700.648157793883,582128,7.0772541191301315,990,10,1.4129773824242875,5.056926157230725e-4,NA
10_100,distances,100,7.298705168068409e-5,8.070096373558044e-5,10853.88102426017,280192,54.54211569979986,995,5,0.09167227812577039,3.07764230401598e-4,NA
10_100,distances_matrix,100,4.1723193135112524e-4,4.659428959712386e-4,2082.7877800798387,719888,27.432868430636173,987,13,0.47388409392442554,5.497146379687625e-4,NA
10_100,Rfast,100,1.6900710761547089e-4,1.773730618879199e-4,5520.313807470216,162648,16.61077374364157,997,3,0.18060567474458367,2.5862379914214935e-4,NA
10_100,rcpp_serial,100,2.7760013472288847e-4,0.00029112608171999454,3393.5433862028794,82600,3.3969403265294087,999,1,0.29438256309367716,1.4735552076506768e-4,NA
10_100,rcpp_parallel_8,100,4.8891990445554256e-5,5.499349208548665e-5,17003.86102586568,82600,34.075873799330026,998,2,0.05869255214929581,2.644308176484583e-4,NA
10_100,fortran_serial,100,0.0013794840779155493,0.0014218940632417798,694.3033164682234,240144,2.78836673280411,996,4,1.4345315316459164,2.768560934314558e-4,NA
10_100,fortran_parallel_8,100,2.6032805908471346e-4,3.1232007313519716e-4,3162.2944562696966,240144,12.699977736022879,996,4,0.3149611820699647,3.5656024493227803e-4,NA
10_100,c_fortran_serial,100,2.743540098890662e-4,2.842826070263982e-4,3464.7923581119517,0,0,1000,0,0.28861758415587246,1.8284964542815755e-5,NA
10_100,c_fortran_parallel_8,100,2.759370254352689e-4,2.8421758906915784e-4,3459.2356314633917,0,0,1000,0,0.2890812036348507,2.459898539274196e-5,NA
10_100,GPUmatrix,100,4.8567994963377714e-4,5.260150646790862e-4,1835.5231337999114,23296,1.8373604942942057,999,1,0.5442590080201626,2.865012256013832e-4,NA
10_100,parallelDist_1,100,5.443799309432507e-4,5.590770160779357e-4,1734.5346799690333,43200,1.7362709509199532,999,1,0.575946973869577,2.2088341436091627e-4,NA
10_100,parallelDist_8,100,1.4357897453010082e-4,2.1168612875044346e-4,4626.835865845424,43200,4.631467333178604,999,1,0.2159142941236496,1.6194328620314477e-4,NA
100_1000,stats,100,0.0016674440121278167,0.001700530992820859,580.6189928030313,39648,0,1000,0,1.722299842745997,8.52477752343664e-5,100
100_1000,proxy,100,0.0019066419918090105,0.00195198756409809,503.8491545649057,122152,1.0097177446190495,998,2,1.9807515621650964,2.4155777221644562e-4,100
100_1000,proxyC,100,0.001266924082301557,0.0013558351201936603,729.089798100118,580224,7.364543415152706,990,10,1.3578574307030067,4.853544825985647e-4,100
100_1000,distances,100,6.689608562737703e-5,7.195014040917158e-5,12983.78203098471,280192,52.14370293568157,996,4,0.07671108446083963,4.248060935997522e-4,100
100_1000,distances_matrix,100,4.0923606138676405e-4,4.3022597674280405e-4,2277.398059708201,719888,29.996124393319768,987,13,0.4333893215516582,5.357231370386596e-4,100
100_1000,Rfast,100,1.669831108301878e-4,1.7221306916326284e-4,5649.544897987414,162648,16.99963359474648,997,3,0.1764743918320164,2.4593663087600176e-4,100
100_1000,rcpp_serial,100,2.771590370684862e-4,2.884600544348359e-4,3438.215699362256,82600,3.441657356718975,999,1,0.29055768670514226,1.3843458021558076e-4,100
100_1000,rcpp_parallel_8,100,4.72791725769639e-5,5.237804725766182e-5,18132.741861783943,82600,36.33816004365519,998,2,0.05503855994902551,2.5376057138550646e-4,100
100_1000,fortran_serial,100,0.001373253995552659,0.0014011150924488902,702.1879733712693,240144,2.1129026279978014,997,3,1.419847729965113,2.4658021286940536e-4,100
100_1000,fortran_parallel_8,100,2.575928810983896e-4,3.134224680252373e-4,3167.4493657733033,240144,12.720680183828527,996,4,0.3144485941156745,3.5100841133403013e-4,100
100_1000,c_fortran_serial,100,2.7444411534816027e-4,2.828451106324792e-4,3483.4669726544644,0,0,1000,0,0.28707032615784556,1.9616935128426818e-5,100
100_1000,c_fortran_parallel_8,100,2.7556612621992826e-4,2.8240960091352463e-4,3488.417234980085,0,0,1000,0,0.28666295704897493,2.068049953528738e-5,100
100_1000,GPUmatrix,100,4.815529100596905e-4,5.232560215517879e-4,1880.1040244751307,23296,3.7677435360223064,998,2,0.5308216923149303,3.693299750999801e-4,100
100_1000,parallelDist_1,100,5.424369592219591e-4,5.556514370255172e-4,1727.141354461277,43200,0,1000,0,0.5789914053166285,9.341840814929029e-5,100
100_1000,parallelDist_8,100,1.4647503849118948e-4,2.1094514522701502e-4,4637.800513049843,43200,4.6424429560058496,999,1,0.21540383144747466,1.796599526191253e-4,100
100_1000,stats,200,0.013358888099901378,0.013615217059850693,72.47282754514306,159248,0.2180727007376421,997,3,13.756880113156512,0.0010202373823906857,100
100_1000,proxy,200,0.013728732126764953,0.01459451054688543,68.53510491991413,481752,0.5527024590315656,992,8,14.47433400969021,8.506072810465916e-4,100
100_1000,proxyC,200,0.004975131014361978,0.00561436905991286,176.78420122563043,2287464,8.524185803332285,954,46,5.396409822744317,9.8365085026214e-4,100
100_1000,distances,200,1.8491607625037432e-4,2.1526310592889786e-4,4453.149513718794,1120192,104.83361188897878,977,23,0.21939528349321336,0.004940166913066865,100
100_1000,distances_matrix,200,0.0027911289362236857,0.0028580439975485206,346.0980014506795,2879088,22.483469742802395,939,61,2.7131043694680557,0.0010466442720132867,100
100_1000,Rfast,200,0.0012757600052282214,0.001310039486270398,752.7879517319072,642648,10.688672742643712,986,14,1.3097977959550917,4.954935763254066e-4,100
100_1000,rcpp_serial,200,0.0025248321471735835,0.0025734720984473825,384.2966665935466,322600,1.9311390281082743,995,5,2.5891455390956253,3.1214323882824805e-4,100
100_1000,rcpp_parallel_8,200,4.3272110633552074e-4,5.395110929384828e-4,1814.325571657556,322600,9.117213927927418,995,5,0.5484131489647552,3.967785464526886e-4,100
100_1000,fortran_serial,200,0.010882249101996422,0.011062470031902194,89.38172859109346,960144,1.5457674323993784,983,17,10.997773431940004,7.339766565187898e-4,100
100_1000,fortran_parallel_8,200,0.0018874281086027622,0.0021600080654025078,459.32512951997944,960144,8.896205362772282,981,19,2.1357420636340976,6.959753759076337e-4,100
100_1000,c_fortran_serial,200,0.0024575040442869067,0.0024984521442092955,395.6558608641721,0,0,1000,0,2.5274489750154316,9.08683300853528e-5,100
100_1000,c_fortran_parallel_8,200,0.0024592471309006214,0.0024983801413327456,395.820016218263,0,0,1000,0,2.5264007857767865,9.628999468088559e-5,100
100_1000,GPUmatrix,200,4.972221795469522e-4,5.368860438466072e-4,1683.036050026244,23296,1.684720770797041,999,1,0.5935701733687893,2.4837888316293466e-4,100
100_1000,parallelDist_1,200,0.005223095999099314,0.0054350129794329405,170.8295797190853,162800,0.5140308316522125,997,3,5.836225796723738,7.837644502003055e-4,100
100_1000,parallelDist_8,200,0.0011430319864302874,0.001346863922663033,727.5027468409991,162800,2.1890754669237684,997,3,1.3704415609827265,3.2000915370658485e-4,100
100_1000,stats,300,0.045973382075317204,0.046507648075930774,21.35680601946086,358848,0.15055150265480968,993,7,46.49571659241337,0.0014888320407658035,100
100_1000,proxy,300,0.04841809219215065,0.050651481084059924,18.97797382453508,1081352,0.3478651006533925,982,18,51.7441961443983,0.0055830227680044135,100
100_1000,proxyC,300,0.013894184026867151,0.015445570112206042,61.77327159847944,5116192,8.503487899221858,879,121,14.22945518756751,0.007759924266728389,100
100_1000,distances,300,3.59534053131938e-4,4.3499504681676626e-4,2230.622196065495,2520192,139.85835235692264,941,59,0.4218553915852681,9.92449064290217e-4,100
100_1000,distances_matrix,300,0.009268165100365877,0.009520622552372515,103.91852041008546,6478288,19.50014991068112,842,158,8.102501812740229,0.009066250656130077,100
100_1000,Rfast,300,0.004411276080645621,0.0045264000073075294,215.31547657241586,1442648,6.430637302368754,971,29,4.50966189452447,8.205796574477569e-4,100
100_1000,rcpp_serial,300,0.010083765955641866,0.010282917006406933,95.76012177324377,722600,1.1630784021041753,988,12,10.317447197274305,7.48642452777222e-4,100
100_1000,rcpp_parallel_8,300,0.0019102690275758505,0.0024318040814250708,408.0630191860126,722600,5.37469022230817,987,13,2.4187440507812425,6.45766367804563e-4,100
100_1000,fortran_serial,300,0.037303484161384404,0.03917169908527285,25.25146405513315,2160144,1.3570333686109493,949,51,37.58197932317853,0.006596556934057992,100
100_1000,fortran_parallel_8,300,0.006888336036354303,0.008608568110503256,114.4367053999479,2160144,6.660337351319719,945,55,8.257839970989153,0.007735821350928769,100
100_1000,c_fortran_serial,300,0.009812333155423403,0.010555355111137033,93.53117415601382,0,0,1000,0,10.691622435231693,6.937654985117955e-4,100
100_1000,c_fortran_parallel_8,300,0.009793258039280772,0.010359471605625004,95.10624489385893,0,0,1000,0,10.514556653099135,5.628056607397869e-4,100
100_1000,GPUmatrix,300,5.021410761401057e-4,6.242901436053216e-4,1301.8314006930518,23296,2.6088805625111258,998,2,0.7666123274248093,7.604415451449836e-4,100
100_1000,parallelDist_1,300,0.02175809512846172,0.023584411130286753,41.98755824191959,362400,0.295984801302555,993,7,23.649862997001037,0.001861010254185579,100
100_1000,parallelDist_8,300,0.0040004870388656855,0.005596321600023657,172.2894374649568,362400,1.039976483691892,994,6,5.769361225073226,0.0012702562272394547,100
100_1000,stats,400,0.1107441270723939,0.11280849704053253,8.554159212733493,638448,0.10389667060000193,988,12,115.49937000579666,0.013510830084159433,100
100_1000,proxy,400,0.11874103907030076,0.12498999305535108,7.911293902981582,1920952,0.2869381208335289,965,35,121.97751870099455,0.007679496638399427,100
100_1000,proxyC,400,0.029523447039537132,0.03194965410511941,30.17035253884991,9074328,9.57978255844905,759,241,25.15714720345568,0.011893715140922105,100
100_1000,distances,400,6.487261271104217e-4,6.856550462543964e-4,1383.2870406149632,4480192,172.71637964933734,889,111,0.6426721091847867,0.007063677487400604,100
100_1000,distances_matrix,400,0.02176977612543851,0.022253197093959898,44.79734461542135,11517488,18.654984868178296,706,294,15.759862689650618,0.013807210203864441,100
100_1000,Rfast,400,0.010541761061176658,0.010760267090518028,92.32705712567801,2562648,5.064353344446474,948,52,10.267845954513177,9.205199962678202e-4,100
100_1000,rcpp_serial,400,0.028951462008990347,0.029387580987531692,33.84766612049404,1282600,0.832319658700673,976,24,28.83507526118774,0.004930460103707881,100
100_1000,rcpp_parallel_8,400,0.0053920920472592115,0.006335770012810826,155.26264981878535,1282600,3.6551084399509346,977,23,6.292562964372337,8.67620478565562e-4,100
100_1000,fortran_serial,400,0.08821513713337481,0.08908239402808249,11.162932980060518,3840144,1.1175213434384017,909,91,81.43021207989659,0.005555659956610885,100
100_1000,fortran_parallel_8,400,0.016255705966614187,0.017291835974901915,57.55428832376362,3840144,5.901376862304318,907,93,15.75903423386626,0.005319744935000661,100
100_1000,c_fortran_serial,400,0.028675960144028068,0.029013841063715518,34.169722349864074,0,0,1000,0,29.265675318078138,0.002776524746543353,100
100_1000,c_fortran_parallel_8,400,0.028604656108655035,0.028974489599931985,34.26882303928922,0,0,1000,0,29.1810430388432,0.0019525825812331341,100
100_1000,GPUmatrix,400,4.972720053046942e-4,5.367760313674808e-4,1707.964795500382,23296,0,1000,0,0.5854921615682542,4.588941697420751e-4,100
100_1000,parallelDist_1,400,0.05868718109559268,0.05966994015034288,16.600836385180028,642000,0.25280461500274154,985,15,59.334359856671654,0.0019362621001647133,100
100_1000,parallelDist_8,400,0.009766543051227927,0.011413825093768537,83.05935615578252,642000,0.9238148814091081,989,11,11.907147439778782,0.002153953528663952,100
100_1000,stats,500,0.214397095143795,0.2169510651146993,4.536938637690813,998048,0.09731941919459355,979,21,215.78427177015692,0.009995558098551087,100
100_1000,proxy,500,0.22714394610375166,0.23013494000770152,4.298346551056953,3000552,0.2646540339291967,942,58,219.15403721190523,0.010880627005562582,100
100_1000,proxyC,500,0.05582656804472208,0.05915928812464699,16.5940554577403,14167152,12.72406372554645,566,434,34.108600000850856,0.020268613735993448,100
100_1000,distances,500,9.972481057047844e-4,0.0010466515668667853,925.2900054912068,7000192,208.64382476762506,816,184,0.8818856738507748,0.010600567702790924,100
100_1000,distances_matrix,500,0.04255650599952787,0.04351950599811971,22.930386629849984,17996688,25.961695736567894,469,531,20.453209427767433,0.021613038220486824,100
100_1000,Rfast,500,0.020886812009848654,0.02137450047302991,46.5797258497649,4002648,5.060768440440089,902,98,19.36464810697362,0.005573799971259236,100
100_1000,rcpp_serial,500,0.057925673900172114,0.05881925986614078,16.929550705155236,2002600,0.6870473231020335,961,39,56.76464879291598,0.001543573840575798,100
100_1000,rcpp_parallel_8,500,0.010937346145510674,0.01264493411872536,78.80591114716978,2002600,3.02784913026509,963,37,12.219895512680523,0.0012206045132891156,100
100_1000,fortran_serial,500,0.17310321901459247,0.17527557455468923,5.694317267078994,6000144,1.084631860395999,840,160,147.515489671845,0.012195636181386573,100
100_1000,fortran_parallel_8,500,0.03262549906503409,0.034724963596090674,28.431874291143764,6000144,5.415595103075003,840,160,29.54430620360654,0.012583462881442294,100
100_1000,c_fortran_serial,500,0.05694124207366258,0.05787256808253005,16.981659801243406,0,0,1000,0,58.88705884490628,0.002731501397289198,100
100_1000,c_fortran_parallel_8,500,0.05690860701724887,0.058124587521888316,16.774323501114644,0,0,1000,0,59.61492276773788,0.003878428962142466,100
100_1000,GPUmatrix,500,4.946461413055658e-4,6.260225782170892e-4,1261.8248083400842,23296,0,1000,0,0.7925030427286401,9.297057810272862e-4,100
100_1000,parallelDist_1,500,0.10580970498267561,0.10766167403198779,8.88082149489726,1001600,0.17200367829056876,981,19,110.4627539877547,0.010912924747125472,100
100_1000,parallelDist_8,500,0.019250800949521363,0.02058787550777197,48.3890369171967,1001600,0.886968090131915,982,18,20.293852958478965,8.309082636001399e-4,100
100_1000,stats,600,0.3708528010174632,0.37585301062790677,2.641557194731993,1437648,0.08169764519789668,970,30,367.20764628320467,0.015520529556714265,100
100_1000,proxy,600,0.3926453379681334,0.3959780520526692,2.5152249536350304,4320152,0.2336547771136367,915,85,363.784558783751,0.007713499547213596,100
100_1000,proxyC,600,0.09005229594185948,0.09423831599997357,10.57596474921569,20366824,10.366953588163994,506,496,47.844334961264394,0.01954816162418403,100
100_1000,distances,600,0.001443845103494823,0.0015014235978014767,654.310029098855,10080192,178.1454786605025,786,214,1.2012654017889872,0.010659623062392272,100
100_1000,distances_matrix,600,0.07300075911916792,0.07395983109017834,13.445654497318715,25915888,20.85448452645352,392,608,29.15440078265965,0.023637802522300147,100
100_1000,Rfast,600,0.035927725955843925,0.03646476299036294,27.34293337962372,5762648,3.4833725726014437,887,113,32.439825957408175,0.004948289890689729,100
100_1000,rcpp_serial,600,0.09890798409469426,0.10066535411169752,9.911216934704617,2882600,0.4561647961579531,956,44,96.45636921259575,0.002093729008887943,100
100_1000,rcpp_parallel_8,600,0.019809143035672605,0.02158493996830657,45.92531084591585,2882600,2.0134269890693797,958,42,20.85995679406915,0.001273394595622335,100
100_1000,fortran_serial,600,0.2957963431254029,0.2991202890407294,3.337043028504745,8640144,0.7726158735946947,812,188,243.3291968560079,0.01167871937782416,100
100_1000,fortran_parallel_8,600,0.05527193413581699,0.05858108005486429,17.037340952940443,8640144,3.9964133099489927,810,190,47.54263016965706,0.01082099249719212,100
100_1000,c_fortran_serial,600,0.0985231650993228,0.10015588608803228,9.8823738148395,0,0,1000,0,101.19026245479472,0.008288880184478379,100
100_1000,c_fortran_parallel_8,600,0.09880371205508709,0.10051442158874124,9.781084559888551,0,0,1000,0,102.23815098183695,0.00444905976221746,100
100_1000,GPUmatrix,600,4.922030493617058e-4,0.0017194365500472486,682.493540715351,23296,0,1000,0,1.4652153322240338,8.344684054019492e-4,100
100_1000,parallelDist_1,600,0.1736241860780865,0.17649466812144965,5.609813088418106,1441200,0.10865081414877065,981,19,174.87213647551835,0.007070482567001287,100
100_1000,parallelDist_8,600,0.03314071916975081,0.0349763025296852,28.055043474089615,1441200,0.5725519076344819,980,20,34.93133065022994,0.004324313682605495,100
100_1000,stats,700,0.5905981201212853,0.5976016611093655,1.653084243877869,1957248,0.04937120810757796,971,29,587.3868821846554,0.031513654233516944,100
100_1000,proxy,700,0.626016867114231,0.6325964530697092,1.5735803487321334,5879752,0.17290172533238757,901,99,572.5795957772061,0.016607044566936388,100
100_1000,proxyC,700,0.14020419702865183,0.14669975906144828,6.802146013316674,27728328,12.74671487882265,349,654,51.30733731924556,0.02548395355336296,100
100_1000,distances,700,0.0019368090433999896,0.002028680988587439,455.29098038110413,13720192,199.8039554190457,695,305,1.5264963066438213,0.013377396526984399,100
100_1000,distances_matrix,700,0.11624828411731869,0.11769191408529878,8.475914010218567,35275088,44.80125976829814,168,888,19.82087121193763,0.03508835889286684,100
100_1000,Rfast,700,0.05736439302563667,0.05817980202846229,17.10064332121266,7842648,3.577280888234329,827,173,48.3607537135249,0.007059412531401304,100
100_1000,rcpp_serial,700,0.15957578900270164,0.1623858540551737,6.149331639622924,3922600,0.3994773482609141,939,61,152.6995216764044,0.005078356711595423,100
100_1000,rcpp_parallel_8,700,0.03299401211552322,0.03597791003994644,27.13622699286968,3922600,1.5793571265691349,945,55,34.824295958620496,0.005538242778837264,100
100_1000,fortran_serial,700,0.4705429661553353,0.47451453702524304,2.1028445353768084,11760144,0.67502142945385,757,243,359.9885713207768,0.016103726618844523,100
100_1000,fortran_parallel_8,700,0.09067127096932381,0.10155164846219122,9.858392452345422,11760144,3.147402339667008,758,242,76.88880349043757,0.014891404478706741,100
100_1000,c_fortran_serial,700,0.1587398430565372,0.1610893780598417,6.199630999517459,0,0,1000,0,161.2999225402018,0.0016486724340772918,100
100_1000,c_fortran_parallel_8,700,0.15770054596941918,0.15992051060311496,6.237099079939764,0,0,1000,0,160.33094667620026,0.0026356167454789775,100
100_1000,GPUmatrix,700,4.8376701306551695e-4,0.0023939755046740174,499.2018469092417,23296,0,1000,0,2.003197716898285,0.0011478354364362854,100
100_1000,parallelDist_1,700,0.2672189710428938,0.27084724395535886,3.6759309666354687,1960800,0.10978578582124468,971,29,264.1507712776074,0.011158673898439353,100
100_1000,parallelDist_8,700,0.051779125118628144,0.05504689610097557,18.097511667587085,1960800,0.5021919989977917,973,27,53.76429742784239,0.001476935834602492,100
100_1000,stats,800,0.8737805400742218,0.8892461756477132,1.1212702207130196,2556848,0.051606579195996725,956,44,852.6044679863844,0.02046493980279454,100
100_1000,proxy,800,0.9243447671178728,0.9320956511073746,1.0642506700119876,7679352,0.17325010907171892,860,140,808.080299343681,0.03162224648237505,100
100_1000,proxyC,800,0.20397541404236108,0.2133250810438767,4.630257797525916,36198568,14.716990397340735,269,855,58.096117270994,0.03755499788526584,100
100_1000,distances,800,0.002575596095994115,0.00267617404460907,345.32776368501067,17920192,151.54671643730683,695,305,2.012580722104758,0.013574928414753773,100
100_1000,distances_matrix,800,0.17205220507457852,0.17474804108496755,5.677542056575529,46074288,30.02600600069546,201,1063,35.40264396055136,0.056536991927779785,100
100_1000,Rfast,800,0.08505889400839806,0.08766221406403929,11.40320360042925,10242648,1.5993090568446955,877,123,76.90821200166829,0.005229970529678819,100
100_1000,rcpp_serial,800,0.24540518608409911,0.24972103256732225,3.9968282149242733,5122600,0.23709997885143994,944,56,236.18728382547852,0.006292460957604892,100
100_1000,rcpp_parallel_8,800,0.06697191903367639,0.07681473297998309,12.891477869801834,5122600,0.7502976537979903,945,55,73.3042409523623,0.00441893361252281,100
100_1000,fortran_serial,800,0.7028570120455697,0.7110162749886513,1.4021197987566778,15360144,0.4476424687323431,758,242,540.6100111218402,0.025140589734487233,100
100_1000,fortran_parallel_8,800,0.1485048581380397,0.17342185601592064,5.648031438273021,15360144,1.813040474901379,757,243,134.0289990013698,0.021455518906655965,100
100_1000,c_fortran_serial,800,0.24438988196197897,0.2480688015348278,4.020553021915316,0,0,1000,0,248.7220028063748,0.0033387003279705773,100
100_1000,c_fortran_parallel_8,800,0.24200170708354563,0.24611802556319162,4.025295766731799,0,0,1000,0,248.42894980905112,0.009006635567981775,100
100_1000,GPUmatrix,800,5.086241289973259e-4,0.0035504320985637605,339.8242418565601,23296,0,1000,0,2.9426976561080664,0.0018489594371770138,100
100_1000,parallelDist_1,800,0.4203976080752909,0.43069990910589695,2.2744657226945266,2560400,0.06311467061947813,973,27,427.792773613357,0.035399157121445375,100
100_1000,parallelDist_8,800,0.09793693211395293,0.15469606855185702,6.9980357147589185,2560400,0.2015895061864709,972,28,138.89611879945733,0.028603384882420615,100
100_1000,stats,900,1.249832757981494,1.2652801090152934,0.7689342180263741,3236448,0.03623250242009093,955,45,1241.978803402977,0.0864723648123058,100
100_1000,proxy,900,1.327698274049908,1.3365024475497194,0.7411987084894931,9718952,0.11468894565541811,866,134,1168.377642973559,0.0571967284554949,100
100_1000,proxyC,900,0.2800319130765274,0.29378026007907465,3.3643826203752187,45795464,16.960809632075073,218,1099,64.79643506649882,0.04880200526148415,100
100_1000,distances,900,0.0032397700706496835,0.00623407558305189,176.31829566204473,22680192,146.60898577027163,546,454,3.096672401181422,0.017855679884045312,100
100_1000,distances_matrix,900,0.24406858102884144,0.2468794040614739,4.031718693090232,58313488,21.569695008032742,200,1070,49.606635587639175,0.05141048458790424,100
100_1000,Rfast,900,0.12074320507235825,0.12248383602127433,8.118082093149512,12962648,1.6392281149628822,832,168,102.4872612094041,0.009564071151896825,100
100_1000,rcpp_serial,900,0.3460787180811167,0.3502465705969371,2.838193299347231,6482600,0.181161274426419,940,60,331.196610257728,0.015659575077693676,100
100_1000,rcpp_parallel_8,900,0.10810488311108202,0.12208629806991667,8.124603594192326,6482600,0.4910948089808723,943,57,116.06720119540114,0.008785588285873438,100
100_1000,fortran_serial,900,0.9951265761628747,1.0059245090233162,0.987295192176477,19440144,0.3559635726894781,735,265,744.4581983425887,0.037762261368967175,100
100_1000,fortran_parallel_8,900,0.22112602705601603,0.2664309701649472,3.76826030182599,19440144,1.358624462563112,735,265,195.0502197642345,0.025715458150867447,100
100_1000,c_fortran_serial,900,0.3435492640128359,0.3468256544438191,2.868587405784158,0,0,1000,0,348.6036360557191,0.006080869938441897,100
100_1000,c_fortran_parallel_8,900,0.34343268000520766,0.34985869796946645,2.817398898016648,0,0,1000,0,354.9373149481835,0.020219842996308555,100
100_1000,GPUmatrix,900,4.89116064272821e-4,0.00501655408879742,236.10565735758692,23296,0,1000,0,4.235391947790049,0.0025737813711886244,100
100_1000,parallelDist_1,900,0.5929469979600981,0.6042834819527343,1.640909974850581,3240000,0.04553398696913226,973,27,592.9636694960063,0.01912065687092821,100
100_1000,parallelDist_8,900,0.1595318071777001,0.1760859100613743,5.658339747170111,3240000,0.16299744127650526,972,28,171.78183768235613,0.0070058427248093766,100
100_1000,stats,1000,1.769961087149568,1.8316855286248028,0.5381378394847396,3996048,0.02152551357938958,1000,40,1858.25995985989,0.0832167017434135,100
100_1000,proxy,1000,1.8057362420950085,1.833743047551252,0.5355620396876232,11998552,0.06426744476251478,1000,120,1867.1973102934426,0.09147636422672277,100
100_1000,proxyC,1000,0.3672818241175264,0.39512848504818976,2.4578705328034007,56520584,2.158010327801386,1000,878,406.85625489777885,0.05167893551023986,100
100_1000,distances,1000,0.003942367038689554,0.004184995603282005,136.01621814580508,28000192,56.58274674865492,1000,416,7.352064434904605,0.01702819151813781,100
100_1000,distances_matrix,1000,0.33456309407483786,0.34079690859653056,2.83109232325742,71992688,3.938049421651071,1000,1391,353.2205544075696,0.041495763934470804,100
100_1000,Rfast,1000,0.16501364612486213,0.16651325958082452,5.958452402138924,16002648,0.94143547953795,1000,158,167.82881401234772,0.009052751634986665,100
100_1000,rcpp_serial,1000,0.48229383502621204,0.4861039739334956,2.049616422277044,8002600,0.14757238240394718,1000,72,487.8961688299896,0.013721650655450352,100
100_1000,rcpp_parallel_8,1000,0.1524255289696157,0.17410127847688273,5.683434493566756,8002600,0.4035238490432396,1000,71,175.94994736579247,0.009593377111684823,100
100_1000,fortran_serial,1000,1.3586370190605521,1.3685094875399955,0.7247103694857031,24000144,0.28263704409942425,1000,390,1379.8615862356964,0.05857757392322048,100
100_1000,fortran_parallel_8,1000,0.3086571799358353,0.33789237088058144,2.909866252486504,24000144,1.1377577047222232,1000,391,343.658406686387,0.036539489225375865,100
100_1000,c_fortran_serial,1000,0.4788804160198197,0.48376117553561926,2.0469715497623593,0,0,1000,0,488.52657483983785,0.03325128582265939,100
100_1000,c_fortran_parallel_8,1000,0.47734327998477966,0.481960826436989,2.0679474632471027,0,0,1000,0,483.5712791415863,0.018582887539087236,100
100_1000,GPUmatrix,1000,4.73376945592463e-4,0.006565215473528951,179.50458128010254,23296,0,1000,0,5.570888457936235,0.004480028204259055,100
100_1000,parallelDist_1,1000,0.7995039749657735,0.8193947989493608,1.213238115143301,3999600,0.04246333403001554,1000,35,824.2405077109579,0.04231707176768618,100
100_1000,parallelDist_8,1000,0.23429126606788486,0.2615328340907581,3.8173790621832486,3999600,0.13742564623859696,1000,36,261.95983781293035,0.010235920745289624,100
1000_10000,Rfast,1000,0.1896954991389066,0.1896954991389066,5.271606361454781,16940768,0,1,0,0.1896954991389066,NA,NA
1000_10000,rcpp_parallel_8,1000,0.19010591006372124,0.19010591006372124,5.260225732407855,8007904,0,1,0,0.19010591006372124,NA,NA
1000_10000,fortran_parallel_8,1000,0.3595673051895574,0.3595673051895574,2.781120490009007,24000144,0,1,0,0.3595673051895574,NA,NA
1000_10000,GPUmatrix,1000,0.0015114310663193464,0.0015114310663193464,661.6246167516002,23296,0,1,0,0.0015114310663193464,NA,NA
1000_10000,parallelDist_8,1000,0.29392810503486544,0.29392810503486544,3.4021925187500566,3999600,0,1,0,0.29392810503486544,NA,NA
1000_10000,Rfast,2000,1.7990318480879068,1.7990318480879068,0.5558545286804376,64002648,0,1,0,1.7990318480879068,NA,NA
1000_10000,rcpp_parallel_8,2000,4.047868995112367,4.047868995112367,0.24704356816079234,32002600,0,1,0,4.047868995112367,NA,NA
1000_10000,fortran_parallel_8,2000,4.04923661716748,4.04923661716748,0.2469601296600739,96000144,0,1,0,4.04923661716748,NA,NA
1000_10000,GPUmatrix,2000,0.0015405261656269431,0.0015405261656269431,649.1288640936735,23296,0,1,0,0.0015405261656269431,NA,NA
1000_10000,parallelDist_8,2000,5.716066152090207,5.716066152090207,0.1749454910759435,15995600,0,1,0,5.716066152090207,NA,NA
1000_10000,Rfast,3000,7.475769652053714,7.475769652053714,0.13376549125283493,144002648,0.13376549125283493,1,1,7.475769652053714,NA,NA
1000_10000,rcpp_parallel_8,3000,16.697634942131117,16.697634942131117,0.05988872097549703,72002600,0,1,0,16.697634942131117,NA,NA
1000_10000,fortran_parallel_8,3000,15.698734497069381,15.698734497069381,0.06369940202420002,216000144,0,1,0,15.698734497069381,NA,NA
1000_10000,GPUmatrix,3000,0.001762712956406176,0.001762712956406176,567.3073408609889,23296,0,1,0,0.001762712956406176,NA,NA
1000_10000,parallelDist_8,3000,23.171743924031034,23.171743924031034,0.04315600946042376,35991600,0,1,0,23.171743924031034,NA,NA
1000_10000,Rfast,4000,18.82799221004825,18.82799221004825,0.053112407783253344,256002648,0,1,0,18.82799221004825,NA,NA
1000_10000,rcpp_parallel_8,4000,42.49345890805125,42.49345890805125,0.02353303368793378,128002600,0,1,0,42.49345890805125,NA,NA
1000_10000,fortran_parallel_8,4000,38.68696476810146,38.68696476810146,0.025848499772319417,384000144,0,1,0,38.68696476810146,NA,NA
1000_10000,GPUmatrix,4000,0.0020659409929066896,0.0020659409929066896,484.0409302266873,23296,0,1,0,0.0020659409929066896,NA,NA
1000_10000,parallelDist_8,4000,57.389189704088494,57.389189704088494,0.017424884462670126,63987600,0,1,0,57.389189704088494,NA,NA
1000_10000,Rfast,5000,35.61607802088838,35.61607802088838,0.02807720713699899,400002648,0,1,0,35.61607802088838,NA,NA
1000_10000,rcpp_parallel_8,5000,84.68261064903345,84.68261064903345,0.011808799850827624,200002600,0,1,0,84.68261064903345,NA,NA
1000_10000,fortran_parallel_8,5000,80.01335395104252,80.01335395104252,0.012497913793388368,600000144,0.012497913793388368,1,1,80.01335395104252,NA,NA
1000_10000,GPUmatrix,5000,0.0017294810386374593,0.0017294810386374593,578.208131606827,23296,0,1,0,0.0017294810386374593,NA,NA
1000_10000,parallelDist_8,5000,119.6275344149908,119.6275344149908,0.008359279532845472,99983600,0,1,0,119.6275344149908,NA,NA
1000_10000,Rfast,6000,51.11907997902017,51.11907997902017,0.019562167402277408,576002648,0,1,0,51.11907997902017,NA,NA
1000_10000,rcpp_parallel_8,6000,153.1042352230288,153.1042352230288,0.0065314979598264395,288002600,0,1,0,153.1042352230288,NA,NA
1000_10000,fortran_parallel_8,6000,144.04637172305956,144.04637172305956,0.006942208873699216,864000144,0.006942208873699216,1,1,144.04637172305956,NA,NA
1000_10000,GPUmatrix,6000,0.0016447120578959584,0.0016447120578959584,608.0091619680082,23296,0,1,0,0.0016447120578959584,NA,NA
1000_10000,parallelDist_8,6000,206.8183407878969,206.8183407878969,0.0048351611186435,143979600,0,1,0,206.8183407878969,NA,NA
1000_10000,Rfast,7000,79.03127736900933,79.03127736900933,0.01265321823574791,784002648,0.01265321823574791,1,1,79.03127736900933,NA,NA
1000_10000,rcpp_parallel_8,7000,239.60052074305713,239.60052074305713,0.004173613633638051,392002600,0,1,0,239.60052074305713,NA,NA
1000_10000,fortran_parallel_8,7000,227.3313113170443,227.3313113170443,0.004398866105185856,1176000144,0.004398866105185856,1,1,227.3313113170443,NA,NA
1000_10000,GPUmatrix,7000,0.0016173000913113356,0.0016173000913113356,618.3144398323642,23296,0,1,0,0.0016173000913113356,NA,NA
1000_10000,parallelDist_8,7000,324.9399754750775,324.9399754750775,0.0030774914614243847,195975600,0,1,0,324.9399754750775,NA,NA
1000_10000,Rfast,8000,137.73745567107107,137.73745567107107,0.007260189286406497,1024002648,0.007260189286406497,1,1,137.73745567107107,NA,NA
1000_10000,rcpp_parallel_8,8000,396.0479479600908,396.0479479600908,0.0025249468029077344,512002600,0,1,0,396.0479479600908,NA,NA
1000_10000,fortran_parallel_8,8000,381.53836340503767,381.53836340503767,0.002620968416060455,1536000144,0.002620968416060455,1,1,381.53836340503767,NA,NA
1000_10000,GPUmatrix,8000,0.0014863950200378895,0.0014863950200378895,672.7686695118967,23296,0,1,0,0.0014863950200378895,NA,NA
1000_10000,parallelDist_8,8000,578.3600592191797,578.3600592191797,0.001729026726620886,255971600,0,1,0,578.3600592191797,NA,NA
1000_10000,Rfast,9000,203.22495396016166,203.22495396016166,0.004920655561796957,1296002648,0,1,0,203.22495396016166,NA,NA
1000_10000,rcpp_parallel_8,9000,579.2956547870999,579.2956547870999,0.0017262342497071127,648002600,0.0017262342497071127,1,1,579.2956547870999,NA,NA
1000_10000,fortran_parallel_8,9000,551.0837538500782,551.0837538500782,0.0018146062064316433,1944000144,0.0018146062064316433,1,1,551.0837538500782,NA,NA
1000_10000,GPUmatrix,9000,0.0018007190665230155,0.0018007190665230155,555.3337100666606,23296,0,1,0,0.0018007190665230155,NA,NA
1000_10000,parallelDist_8,9000,774.1657198349712,774.1657198349712,0.0012917130975693032,323967600,0,1,0,774.1657198349712,NA,NA
1000_10000,Rfast,10000,262.0529363810783,262.0529363810783,0.003816022876178714,1600002648,0.003816022876178714,1,1,262.0529363810783,NA,NA
1000_10000,rcpp_parallel_8,10000,834.1739986340981,834.1739986340981,0.0011987906619451462,800002600,0,1,0,834.1739986340981,NA,NA
1000_10000,fortran_parallel_8,10000,835.8344406940741,835.8344406940741,0.0011964091826242567,2400000144,0.0011964091826242567,1,1,835.8344406940741,NA,NA
1000_10000,GPUmatrix,10000,0.0014281360199674964,0.0014281360199674964,700.2134152619157,23296,0,1,0,0.0014281360199674964,NA,NA
1000_10000,parallelDist_8,10000,1111.6035951609956,1111.6035951609956,8.99601264653312e-4,399963600,0,1,0,1111.6035951609956,NA,NA
2_10,stats,2,7.975148037075996e-6,9.418115951120853e-6,98752.8363576821,6088,0,1000,0,0.010126291424967349,3.1198019847233168e-6,NA
2_10,proxy,2,2.084110165014863e-4,2.4734402541071177e-4,3670.6825969940214,511136,11.04518334100508,997,3,0.27161160728428513,0.0017956605080946208,NA
2_10,proxyC,2,3.151301061734557e-4,3.576605813577771e-4,2655.4930556115128,1298616,10.664630745427761,996,4,0.37507158902008086,3.689660006853788e-4,NA
2_10,distances,2,2.706109080463648e-5,3.0116643756628036e-05,31835.5009854923,112960,0,1000,0,0.031411473639309406,5.317991083006553e-6,NA
2_10,distances_matrix,2,4.6517117880284786e-5,5.0875009037554264e-5,18333.111370966577,111320,18.351462833800376,999,1,0.05449156882241368,1.5279277235691918e-4,NA
2_10,Rfast,2,3.976980224251747e-6,4.593923222273588e-6,211566.83333859587,938448,0,1000,0,0.004726638784632087,1.2417072756098581e-6,NA
2_10,rcpp_serial,2,1.6129342839121819e-6,2.524931915104389e-6,386689.13976406923,2552,0,1000,0,0.002586056594736874,2.442709634687569e-6,NA
2_10,rcpp_parallel_8,2,2.3939646780490875e-6,4.578963853418827e-6,193867.7426445928,7856,0,1000,0,0.00515815569087863,3.919613385395768e-6,NA
2_10,fortran_serial,2,3.597117029130459e-6,5.9720478020608425e-6,167970.4208680531,0,0,1000,0,0.005953429150395095,2.148040818388651e-6,NA
2_10,fortran_parallel_8,2,7.183989509940147e-6,8.516071829944849e-6,104559.30857896183,0,0,1000,0,0.009563950006850064,4.556356121582486e-6,NA
2_10,c_fortran_serial,2,5.2800169214606285e-6,6.472109816968441e-6,110470.86580727824,0,0,1000,0,0.009052160428836942,4.1932307538911144e-5,NA
2_10,c_fortran_parallel_8,2,5.760928615927696e-6,6.763031706213951e-6,119861.0424434077,0,119.98102346687457,999,1,0.008334651356562972,1.5974864616445758e-4,NA
2_10,GPUmatrix,2,3.7222797982394695e-4,4.1512702591717243e-4,2278.4063567459248,70952,6.855786429526353,997,3,0.4375865600304678,4.3128612031313805e-4,NA
2_10,parallelDist_1,2,2.3965141735970974e-5,2.7652131393551826e-5,31337.61815076733,101864,31.368987137905233,999,1,0.03187861933838576,1.8448757557558928e-4,NA
2_10,parallelDist_8,2,4.254002124071121e-5,7.679907139390707e-5,12483.164554383367,3552,0,1000,0,0.0801078921649605,1.9199709138749983e-5,NA
2_10,stats,3,8.235103450715542e-6,9.998620953410864e-6,86991.99407291385,0,0,1000,0,0.011495310696773231,1.4368410360581853e-5,NA
2_10,proxy,3,2.1324900444597006e-4,2.476134686730802e-4,3661.2851332741275,2456,14.703956358530633,996,4,0.27203562785871327,4.421657788759804e-4,NA
2_10,proxyC,3,3.158210311084986e-4,3.528911620378494e-4,2723.5178373529097,2976,8.195138928845266,997,3,0.3660706701921299,2.5014923739457765e-4,NA
2_10,distances,3,2.6770983822643757e-5,3.0085910111665726e-5,31296.011471713893,0,31.32733881052442,999,1,0.0319210005691275,1.837260621167867e-4,NA
2_10,distances_matrix,3,4.692818038165569e-5,5.209806840866804e-5,17744.946911412146,0,17.762709621033178,999,1,0.05629771703388542,2.9927119112334e-4,NA
2_10,Rfast,3,4.126923158764839e-6,5.159992724657059e-6,188312.23625398995,2552,0,1000,0,0.0053103293757885695,1.6004019146293314e-6,NA
2_10,rcpp_serial,3,1.6230624169111252e-6,1.9030412659049034e-6,507483.4044278294,2552,0,1000,0,0.0019705077866092324,4.437325753580195e-7,NA
2_10,rcpp_parallel_8,3,3.1959498301148415e-6,3.7070130929350853e-6,224187.63379425427,2552,0,1000,0,0.004460549331270158,4.748505517359273e-6,NA
2_10,fortran_serial,3,3.7171412259340286e-6,6.467045750468969e-6,155939.97670286207,0,0,1000,0,0.006412723800167441,2.1423725221314376e-6,NA
2_10,fortran_parallel_8,3,7.314025424420834e-6,8.776434697210789e-6,104229.34211794786,0,0,1000,0,0.009594227303750813,4.207473653696616e-6,NA
2_10,c_fortran_serial,3,5.5800192058086395e-6,7.2640832513570786e-6,121354.19816390124,0,0,1000,0,0.00824034120887518,2.5631587377831082e-6,NA
2_10,c_fortran_parallel_8,3,5.900044925510883e-6,6.681075319647789e-6,144157.98170307456,0,0,1000,0,0.006936834077350795,1.3241995395198015e-6,NA
2_10,GPUmatrix,3,3.743619890883565e-4,4.0846550837159157e-4,2345.779963805317,23296,9.420803067491233,996,4,0.42459225305356085,3.7362582335185516e-4,NA
2_10,parallelDist_1,3,2.3794942535459995e-5,2.6079011149704456e-5,36150.40790112025,3552,0,1000,0,0.027662205160595477,6.836187140646748e-6,NA
2_10,parallelDist_8,3,4.627706948667765e-5,7.454014848917723e-5,13017.194482349229,3552,13.030224707056284,999,1,0.0767446473473683,1.661058396061587e-4,NA
2_10,stats,4,8.085044100880623e-6,1.0560033842921257e-5,82777.59583699724,0,0,1000,0,0.01208056346513331,6.878059001123493e-6,NA
2_10,proxy,4,2.1403993014246225e-4,2.3385684471577406e-4,4082.5095126333094,2456,12.284381682948775,997,3,0.24421253567561507,2.6245797683520887e-4,NA
2_10,proxyC,4,3.2971694599837065e-4,3.5480945371091366e-4,2739.9068601773815,2976,11.003642008744505,996,4,0.36351600650232285,2.8128506139492976e-4,NA
2_10,distances,4,2.650998067110777e-5,2.9876013286411762e-5,32027.122459066108,0,0,1000,0,0.03122353565413505,5.960900817190523e-6,NA
2_10,distances_matrix,4,4.8230052925646305e-5,5.2668037824332714e-5,17482.224946946706,0,17.499724671618324,999,1,0.057143756188452244,1.6307807185912495e-4,NA
2_10,Rfast,4,4.047993570566177e-6,4.8390356823801994e-6,199766.6408332402,2552,0,1000,0,0.005005840794183314,1.4253751813476228e-6,NA
2_10,rcpp_serial,4,1.6629928722977638e-6,2.0141014829277992e-6,472620.2299174625,2552,0,1000,0,0.0021158637246116996,6.518341505381029e-7,NA
2_10,rcpp_parallel_8,4,3.2759271562099457e-6,3.846944309771061e-6,200742.32675308685,2552,0,1000,0,0.004981510457582772,6.916200099942978e-6,NA
2_10,fortran_serial,4,3.826920874416828e-6,6.316928192973137e-6,144490.95351904258,0,0,1000,0,0.00692084850743413,3.855073338043976e-6,NA
2_10,fortran_parallel_8,4,5.279085598886013e-6,6.53252936899662e-6,128829.6029705363,0,0,1000,0,0.00776219111867249,4.2818069849824584e-6,NA
2_10,c_fortran_serial,4,5.310052074491978e-6,6.367044989019632e-6,144170.89459845785,0,0,1000,0,0.006936212768778205,2.7583414151119637e-6,NA
2_10,c_fortran_parallel_8,4,5.780952051281929e-6,6.8729277700185776e-6,119426.18859506083,0,119.54573432939023,999,1,0.008364999433979392,1.5373656749265865e-4,NA
2_10,GPUmatrix,4,3.7544406950473785e-4,4.033811273984611e-4,2412.952847028957,23296,9.690573682847218,996,4,0.4127722600242123,4.21039431106089e-4,NA
2_10,parallelDist_1,4,2.377503551542759e-5,2.6530004106462002e-5,35787.79999440306,3552,0,1000,0,0.02794248319696635,7.231634382735942e-6,NA
2_10,parallelDist_8,4,4.486413672566414e-5,7.541105151176453e-5,13039.224328617598,3552,0,1000,0,0.07669167849235237,1.02668952155631e-5,NA
2_10,stats,5,8.596107363700867e-6,1.067004632204771e-5,71512.37649356508,0,71.5839604540191,999,1,0.013969609863124788,1.9312161255259636e-4,NA
2_10,proxy,5,2.050540642812848e-4,2.377206110395491e-4,3908.614866565741,2704,7.8328955241798415,998,2,0.255333419656381,0.0053532303545891415,NA
2_10,proxyC,5,3.09899915009737e-4,3.471559612080455e-4,2782.1334800836876,3696,5.575417795758893,998,2,0.3587175119901076,1.938638835336893e-4,NA
2_10,distances,5,2.537819091230631e-5,2.8133043088018894e-5,33291.25255446908,992,0,1000,0,0.030037920572794974,6.890191404547291e-6,NA
2_10,distances_matrix,5,4.6607921831309795e-5,5.068996688351035e-5,18753.09591792795,1488,0,1000,0,0.05332452862057835,9.653783050429478e-6,NA
2_10,Rfast,5,4.0869927033782005e-6,5.104462616145611e-6,185717.24073189322,3048,0,1000,0,0.005384529707953334,1.7011627866693578e-6,NA
2_10,rcpp_serial,5,1.6731210052967072e-6,2.6150373741984367e-6,379103.0200662213,2800,0,1000,0,0.0026378054171800613,9.689170418921532e-7,NA
2_10,rcpp_parallel_8,5,3.226916305720806e-6,4.649045877158642e-6,186648.36076295652,2800,0,1000,0,0.005357668269425631,4.19430195985827e-6,NA
2_10,fortran_serial,5,3.918074071407318e-6,6.422051228582859e-6,149385.4363110824,744,149.53497128236475,999,1,0.006687398883514106,2.1662641476478486e-4,NA
2_10,fortran_parallel_8,5,5.299923941493034e-6,8.370494470000267e-6,108685.62802051712,744,0,1000,0,0.009200848522596061,6.175338016414828e-6,NA
2_10,c_fortran_serial,5,5.320063792169094e-6,6.693066097795963e-6,128997.70873396074,0,0,1000,0,0.007752075674943626,2.3815690456950914e-6,NA
2_10,c_fortran_parallel_8,5,5.74102159589529e-6,6.441958248615265e-6,151647.7535173852,0,0,1000,0,0.0065942289074882865,1.1207260936685305e-6,NA
2_10,GPUmatrix,5,3.5879306960850954e-4,3.914991393685341e-4,2504.835085173554,23296,5.019709589526161,998,2,0.3984294239198789,3.546642968888634e-4,NA
2_10,parallelDist_1,5,2.3432890884578228e-5,2.535688690841198e-5,37954.88739638099,3552,0,1000,0,0.02634706802200526,4.66290478288133e-6,NA
2_10,parallelDist_8,5,4.508509300649166e-5,7.256603566929698e-5,13772.450573284705,3552,0,1000,0,0.07260871946346015,8.732837520510333e-6,NA
2_10,stats,6,7.945112884044647e-6,9.277078788727522e-6,91990.53704666512,0,0,1000,0,0.010870683356188238,4.771180771642102e-6,NA
2_10,proxy,6,2.039220416918397e-4,2.2371910745278e-4,4363.214358178937,2792,8.743916549456788,998,2,0.22873045376036316,2.134150293242013e-4,NA
2_10,proxyC,6,3.139281179755926e-4,3.4859415609389544e-4,2774.537131402633,5112,2.7773144458484817,999,1,0.3600600578356534,1.9351580486097171e-4,NA
2_10,distances,6,2.6639900170266628e-5,2.9755989089608192e-5,32206.128711742418,1536,0,1000,0,0.031049990793690085,5.5145221894363365e-6,NA
2_10,distances_matrix,6,4.616705700755119e-5,4.987407010048628e-5,18909.350398053495,3184,18.928278676730223,999,1,0.05283100577071309,1.7336288974315238e-4,NA
2_10,Rfast,6,4.087924025952816e-6,4.539033398032188e-6,211597.84220779964,3224,0,1000,0,0.0047259461134672165,1.350505357026406e-6,NA
2_10,rcpp_serial,6,1.7230631783604622e-6,1.9740546122193336e-6,475139.3259607816,2888,0,1000,0,0.0021046458277851343,6.340208222350807e-7,NA
2_10,rcpp_parallel_8,6,2.425047568976879e-6,3.697001375257969e-6,230757.1786848374,2888,0,1000,0,0.0043335596565157175,4.083519380116127e-6,NA
2_10,fortran_serial,6,3.957073204219341e-6,6.302085239440203e-6,163665.1181173864,1008,0,1000,0,0.0061100374441593885,2.5255679627201453e-6,NA
2_10,fortran_parallel_8,6,5.4801348596811295e-6,9.30257374420762e-6,96631.32200473384,1008,0,1000,0,0.010348611394874752,6.21827400606816e-6,NA
2_10,c_fortran_serial,6,5.460111424326897e-6,8.706061635166407e-6,119165.3527441992,0,0,1000,0,0.008391700917854905,2.8823462015674605e-6,NA
2_10,c_fortran_parallel_8,6,5.971989594399929e-6,6.71751331537962e-6,141317.33422478545,0,0,1000,0,0.007076272740960121,1.741216559971465e-6,NA
2_10,GPUmatrix,6,3.6414212081581354e-4,3.964275820180774e-4,2465.4366060126235,23296,4.940754721468184,998,2,0.40479645575396717,3.4112550045749463e-4,NA
2_10,parallelDist_1,6,2.3633940145373344e-5,2.606899943202734e-5,36476.37129513969,3552,0,1000,0,0.027415007702074945,7.0982007584645845e-6,NA
2_10,parallelDist_8,6,4.163815174251795e-5,7.42690172046423e-5,13318.657857123486,3552,0,1000,0,0.07508264051284641,9.232370201485944e-6,NA
2_10,stats,7,8.49610660225153e-6,9.938084986060858e-6,92106.29816832847,216,0,1000,0,0.010857020854018629,4.243872205093038e-6,NA
2_10,proxy,7,2.0457315258681774e-4,2.2267759777605534e-4,4361.270777934673,3976,8.74002159906748,998,2,0.22883238643407822,2.5720642854075654e-4,NA
2_10,proxyC,7,3.2484903931617737e-4,3.512430703267455e-4,2799.976561182531,5736,5.611175473311685,998,2,0.3564315551193431,2.1176739252145476e-4,NA
2_10,distances,7,2.6270048692822456e-5,2.8964132070541382e-5,32606.416860362213,2008,0,1000,0,0.030668809893541038,6.985731982917288e-6,NA
2_10,distances_matrix,7,4.7720037400722504e-5,5.275860894471407e-5,17615.56502998994,4344,0,1000,0,0.056767977541312575,1.2398164361798957e-5,NA
2_10,Rfast,7,4.158006049692631e-6,4.669069312512875e-6,202450.89990935128,3432,0,1000,0,0.004939469275996089,1.7627795992806113e-6,NA
2_10,rcpp_serial,7,1.7530983313918114e-6,2.119049895554781e-6,453021.07191613974,2992,0,1000,0,0.002207402838394046,5.838422257075739e-7,NA
2_10,rcpp_parallel_8,7,3.3371616154909134e-6,3.837165422737598e-6,223787.05689174033,2992,0,1000,0,0.004468533676117659,3.2999746456457724e-6,NA
2_10,fortran_serial,7,4.348112270236015e-6,6.953021511435509e-6,148453.47188220578,1320,0,1000,0,0.006736117298714817,2.465135446649743e-6,NA
2_10,fortran_parallel_8,7,7.895054295659065e-6,8.926843293011189e-6,95288.80951900194,1320,95.38419371271466,999,1,0.010483917314559221,2.6406742726348484e-4,NA
2_10,c_fortran_serial,7,5.320063792169094e-6,6.70307781547308e-6,127250.89650346538,0,0,1000,0,0.007858490804210305,3.7848486361300263e-6,NA
2_10,c_fortran_parallel_8,7,5.681067705154419e-6,6.457499694079161e-6,152169.7551398162,0,0,1000,0,0.006571608129888773,9.773322879855233e-7,NA
2_10,GPUmatrix,7,3.627489786595106e-4,3.9230543188750744e-4,2491.4951124507315,23296,4.992976177255975,998,2,0.4005626962753013,3.1412332509551233e-4,NA
2_10,parallelDist_1,7,2.435606438666582e-5,2.6099092792719603e-5,36377.06395355904,3768,0,1000,0,0.02748984913341701,7.521633886186252e-6,NA
2_10,parallelDist_8,7,5.119596607983112e-5,7.56620429456234e-5,12955.779817605515,3768,0,1000,0,0.0771856278879568,1.0974810058245043e-5,NA
2_10,stats,8,8.786097168922424e-6,9.989133104681969e-6,87755.01253756932,272,0,1000,0,0.011395360459573567,5.8156486861940574e-6,NA
2_10,proxy,8,2.0669703371822834e-4,2.2642407566308975e-4,4256.222717220794,4376,8.529504443328245,998,2,0.23448021081276238,2.675766211935886e-4,NA
2_10,proxyC,8,3.0344806145876646e-4,3.5396311432123184e-4,2766.2004797776067,7520,2.7689694492268333,999,1,0.3611451907781884,6.62235297250267e-4,NA
2_10,distances,8,2.8213020414114e-5,3.162899520248175e-5,28229.846068473486,1984,28.25810417264613,999,1,0.03538807819131762,1.6322657653877778e-4,NA
2_10,distances_matrix,8,4.83799958601594e-5,5.195802077651024e-5,18265.915785087636,4912,0,1000,0,0.05474677600432187,7.898661559885135e-6,NA
2_10,Rfast,8,4.218076355755329e-6,4.789093509316444e-6,199389.9825245768,3672,0,1000,0,0.005015297094359994,1.4597686851060523e-6,NA
2_10,rcpp_serial,8,1.784064806997776e-6,2.0990846678614616e-6,448276.30145542696,3112,0,1000,0,0.002230767044238746,6.973742737116485e-7,NA
2_10,rcpp_parallel_8,8,2.4141045287251472e-6,3.8325670175254345e-6,215315.7325209794,3112,0,1000,0,0.00464434246532619,6.3837922059184516e-6,NA
2_10,fortran_serial,8,4.608999006450176e-6,5.400041118264198e-6,168570.45303644403,1680,0,1000,0,0.005932237720116973,1.9664397673228e-6,NA
2_10,fortran_parallel_8,8,5.810987204313278e-6,9.352515917271376e-6,97006.32905052588,1680,0,1000,0,0.010308605735190213,5.507424686554645e-6,NA
2_10,c_fortran_serial,8,5.550100468099117e-6,6.713089533150196e-6,127030.66823180289,0,0,1000,0,0.00787211477290839,2.8459436523501326e-6,NA
2_10,c_fortran_parallel_8,8,5.990965291857719e-6,6.732996553182602e-6,140218.35039608311,0,0,1000,0,0.007131734164431691,3.5533515254219757e-6,NA
2_10,GPUmatrix,8,3.647539997473359e-4,3.998641041107476e-4,2420.307522371178,23296,4.850315676094545,998,2,0.412344295415096,3.2198051997924475e-4,NA
2_10,parallelDist_1,8,2.4464912712574005e-5,2.650998067110777e-5,35528.48203396393,3824,0,1000,0,0.028146431897766888,6.988287134324268e-6,NA
2_10,parallelDist_8,8,4.536507185548544e-5,7.606809958815575e-5,12954.52648936637,3824,0,1000,0,0.07719309546519071,1.2741975672212892e-5,NA
2_10,stats,9,9.467126801609993e-6,1.0911142453551292e-5,69692.12939381441,336,69.76189128509951,999,1,0.014334473758935928,2.396183291860165e-4,NA
2_10,proxy,9,2.0574615336954594e-4,2.2902910131961107e-4,4153.814050137052,4832,4.1579720221592105,999,1,0.24050185875967145,1.621661787345184e-4,NA
2_10,proxyC,9,3.2274494878947735e-4,3.620780189521611e-4,2671.2597354606864,8448,5.353225922766907,998,2,0.37360649986658245,2.8555839004500367e-4,NA
2_10,distances,9,2.7280999347567558e-5,3.0136900022625923e-5,31267.39249939265,2464,0,1000,0,0.0319821999873966,7.752006135924154e-6,NA
2_10,distances_matrix,9,4.9783033318817616e-5,5.3415598813444376e-5,17931.460168542148,6456,0,1000,0,0.055767906829714775,7.943889732723535e-6,NA
2_10,Rfast,9,4.247995093464851e-6,4.81889583170414e-6,200667.815239741,3944,0,1000,0,0.00498336018063128,1.4111402991765654e-6,NA
2_10,rcpp_serial,9,1.834123395383358e-6,2.185057383030653e-6,426452.30789654196,3248,0,1000,0,0.002344928099773824,9.74156733375024e-7,NA
2_10,rcpp_parallel_8,9,2.3850006982684135e-6,3.856956027448177e-6,211401.7899050865,3248,0,1000,0,0.004730328917503357,5.590430889453049e-6,NA
2_10,fortran_serial,9,4.940084181725979e-6,6.963033229112625e-6,132637.19622781881,2088,0,1000,0,0.007539363228715956,2.967018204137558e-6,NA
2_10,fortran_parallel_8,9,6.8231020122766495e-6,1.1292053386569023e-5,76496.63253978819,2088,76.57320574553373,999,1,0.013059398392215371,2.7152872007453954e-4,NA
2_10,c_fortran_serial,9,5.761045031249523e-6,6.717571523040533e-6,125403.5512921073,0,0,1000,0,0.007974255830049515,3.0201487462275055e-6,NA
2_10,c_fortran_parallel_8,9,6.261980161070824e-6,6.9229863584041595e-6,139173.1037876662,0,0,1000,0,0.007185296388342977,2.712347364737957e-6,NA
2_10,GPUmatrix,9,3.667169949039817e-4,3.973540151491761e-4,2450.9316990325265,23296,2.4533850841166434,999,1,0.40760009770747274,2.0906798157568104e-4,NA
2_10,parallelDist_1,9,2.4727080017328262e-5,2.8223148547112942e-5,30369.20457933923,3888,30.399604183522754,999,1,0.03289516514632851,1.9942697556045823e-4,NA
2_10,parallelDist_8,9,4.575611092150211e-5,7.49450409784913e-5,13349.100111272512,3888,0,1000,0,0.07491141662467271,7.749266996774102e-6,NA
2_10,stats,10,9.798095561563969e-6,1.1231109965592623e-5,78280.73663444893,408,0,1000,0,0.012774534872733057,5.172270419521431e-6,NA
2_10,proxy,10,2.0800007041543722e-4,2.3155409144237638e-4,4131.848619510506,5344,8.280257754530073,998,2,0.24153837468475103,2.5212709048429393e-4,NA
2_10,proxyC,10,3.2581109553575516e-4,3.609270788729191e-4,2701.3618467794427,9672,2.7040659126921347,999,1,0.36981347063556314,1.7296889954028405e-4,NA
2_10,distances,10,2.806296106427908e-5,3.089802339673042e-5,29439.28220179312,2992,29.468750952745868,999,1,0.03393425128888339,1.874548482404986e-4,NA
2_10,distances_matrix,10,4.841107875108719e-5,5.247362423688173e-5,18063.225163447725,7816,0,1000,0,0.05536109919194132,8.270600087120485e-6,NA
2_10,Rfast,10,4.4280895963311195e-6,4.879082553088665e-6,196337.63280976308,4248,0,1000,0,0.005093267071060836,1.624091414635952e-6,NA
2_10,rcpp_serial,10,1.943088136613369e-6,2.304092049598694e-6,409914.75340242573,3400,0,1000,0,0.002439531614072621,1.3483013060586735e-6,NA
2_10,rcpp_parallel_8,10,2.5441404432058334e-6,3.987574018537998e-6,219659.2088515715,3400,0,1000,0,0.004552506608888507,4.447168789830681e-6,NA
2_10,fortran_serial,10,5.2800169214606285e-6,6.553076673299074e-6,129904.37894209485,2544,0,1000,0,0.007697969907894731,4.53066781211535e-6,NA
2_10,fortran_parallel_8,10,6.561982445418835e-6,1.1286407243460417e-5,78400.2656465829,2544,0,1000,0,0.012755058822222054,7.693256291076575e-6,NA
2_10,c_fortran_serial,10,5.700043402612209e-6,6.91309105604887e-6,121349.12880621539,0,0,1000,0,0.008240685448981822,2.841362281845782e-6,NA
2_10,c_fortran_parallel_8,10,6.082118488848209e-6,6.933114491403103e-6,138961.922784338,0,0,1000,0,0.007196215912699699,1.4792891458974897e-6,NA
2_10,GPUmatrix,10,3.6628590896725655e-4,4.037964972667396e-4,2383.872709289931,23296,4.777300018617097,998,2,0.4186465141829103,3.753328677433687e-4,NA
2_10,parallelDist_1,10,2.565805334597826e-5,2.7772155590355396e-5,34252.51921421459,3960,0,1000,0,0.029194932896643877,6.516141237369534e-6,NA
2_10,parallelDist_8,10,4.495412576943636e-5,7.507612463086843e-5,13169.404214682976,3960,0,1000,0,0.07593357935547829,1.3838767449284688e-5,NA
